{
  "xgboost": {
    "rmse": 52.05879760619837,
    "mape": 0.10146079212427139
  },
  "random_forest": {
    "rmse": 82.78217900990822,
    "mape": 0.18321710153413387
  },
  "prophet": {
    "rmse": 1311.8355949695203,
    "mape": 58.070124697431964
  },
  "ensemble": {}
}